feature,importance
age,0.32104295156541834
medication_count,0.20325531793295726
procedure_count,0.1697753437468605
comorbidity_score,0.06930657106519988
sex_Male,0.034201974601233164
diabetes_1,0.03418268879419759
sex_Female,0.03378548036197512
heart_disease_1,0.028942240241158015
hypertension_1,0.02889171004025488
hypertension_0,0.02761263277338067
diabetes_0,0.025907912464195024
heart_disease_0,0.023095176413169653
height,0.0
bmi,0.0
race_Unknown,0.0
weight,0.0
smoker_0,0.0
stroke_0,0.0
